,shooting,year,month,day,date
0,9,2020,05,26,05-26
1,9,2019,01,28,01-28
2,9,2018,04,01,04-01
3,9,2018,06,29,06-29
4,9,2018,02,01,02-01
5,9,2018,01,06,01-06
6,8,2018,04,05,04-05
7,8,2018,03,23,03-23
8,8,2015,12,14,12-14
9,8,2017,02,10,02-10
10,8,2017,12,26,12-26
11,8,2019,06,06,06-06
12,8,2020,12,28,12-28
13,8,2016,12,21,12-21
14,8,2018,03,12,03-12
15,8,2015,07,07,07-07
16,8,2019,12,10,12-10
17,8,2016,01,27,01-27
18,8,2017,07,04,07-04
19,8,2020,05,03,05-03
20,8,2017,01,24,01-24
21,7,2019,01,14,01-14
22,7,2015,02,28,02-28
23,7,2020,02,25,02-25
24,7,2016,05,26,05-26
25,7,2020,05,09,05-09
26,7,2019,10,25,10-25
27,7,2018,06,14,06-14
28,7,2018,01,12,01-12
29,7,2016,08,16,08-16
30,7,2019,03,27,03-27
31,7,2018,10,10,10-10
32,7,2015,10,24,10-24
33,7,2016,03,13,03-13
34,7,2020,05,29,05-29
35,7,2020,12,10,12-10
36,7,2021,02,04,02-04
37,7,2020,10,23,10-23
38,7,2015,12,21,12-21
39,7,2018,01,22,01-22
40,7,2021,02,11,02-11
41,7,2020,05,01,05-01
42,7,2018,03,05,03-05
43,7,2016,08,18,08-18
44,7,2019,08,05,08-05
45,7,2015,07,16,07-16
46,7,2018,07,26,07-26
47,7,2017,02,03,02-03
48,7,2019,06,27,06-27
49,7,2015,03,11,03-11
50,7,2015,12,12,12-12
51,7,2020,05,27,05-27
52,7,2015,10,15,10-15
53,7,2018,06,23,06-23
54,7,2015,03,27,03-27
55,7,2020,10,20,10-20
56,7,2019,12,12,12-12
57,6,2020,09,18,09-18
58,6,2015,07,09,07-09
59,6,2020,10,16,10-16
60,6,2017,09,22,09-22
61,6,2015,01,14,01-14
62,6,2019,10,23,10-23
63,6,2020,05,05,05-05
64,6,2016,09,30,09-30
65,6,2016,03,24,03-24
66,6,2020,01,05,01-05
67,6,2020,02,26,02-26
68,6,2016,01,16,01-16
69,6,2020,01,23,01-23
70,6,2017,06,02,06-02
71,6,2018,11,21,11-21
72,6,2019,01,16,01-16
73,6,2020,03,16,03-16
74,6,2020,11,17,11-17
75,6,2017,05,09,05-09
76,6,2021,05,23,05-23
77,6,2017,01,01,01-01
78,6,2016,05,09,05-09
79,6,2017,10,01,10-01
80,6,2019,12,31,12-31
81,6,2017,10,08,10-08
82,6,2019,12,19,12-19
83,6,2019,03,09,03-09
84,6,2018,03,06,03-06
85,6,2016,11,06,11-06
86,6,2017,05,15,05-15
87,6,2020,08,07,08-07
88,6,2015,03,19,03-19
89,6,2018,01,17,01-17
90,6,2015,04,15,04-15
91,6,2019,08,31,08-31
92,6,2017,01,07,01-07
93,6,2020,01,02,01-02
94,6,2018,05,07,05-07
95,6,2015,02,23,02-23
96,6,2019,06,15,06-15
97,6,2020,04,24,04-24
98,6,2017,04,20,04-20
99,6,2019,04,14,04-14
100,6,2019,01,03,01-03
101,6,2019,11,19,11-19
102,6,2015,08,07,08-07
103,6,2020,03,14,03-14
104,6,2017,07,05,07-05
105,6,2019,03,05,03-05
106,6,2016,07,27,07-27
107,6,2020,04,07,04-07
108,6,2019,03,14,03-14
109,6,2020,03,13,03-13
110,6,2018,03,28,03-28
111,6,2016,06,22,06-22
112,6,2015,08,12,08-12
113,6,2015,11,17,11-17
114,6,2015,09,21,09-21
115,6,2016,09,20,09-20
116,6,2016,07,28,07-28
117,6,2017,11,04,11-04
118,6,2020,06,27,06-27
119,6,2019,08,01,08-01
120,6,2017,07,27,07-27
121,6,2018,03,02,03-02
122,6,2015,10,30,10-30
123,6,2020,10,14,10-14
124,6,2018,05,14,05-14
125,6,2018,02,21,02-21
126,6,2018,11,12,11-12
127,6,2017,01,18,01-18
128,6,2015,08,05,08-05
129,6,2018,12,11,12-11
130,6,2019,02,07,02-07
131,6,2017,11,10,11-10
132,6,2018,04,04,04-04
133,6,2020,11,13,11-13
134,6,2019,12,01,12-01
135,6,2015,02,04,02-04
136,6,2017,08,04,08-04
137,6,2019,07,31,07-31
138,6,2017,03,29,03-29
139,6,2021,06,16,06-16
140,6,2021,02,06,02-06
141,6,2020,03,08,03-08
142,6,2015,04,29,04-29
143,6,2015,12,02,12-02
144,6,2018,05,11,05-11
145,6,2020,11,04,11-04
146,6,2016,01,05,01-05
147,5,2019,07,05,07-05
148,5,2020,01,06,01-06
149,5,2017,02,21,02-21
150,5,2018,11,27,11-27
151,5,2017,06,08,06-08
152,5,2020,01,21,01-21
153,5,2016,03,27,03-27
154,5,2019,01,23,01-23
155,5,2021,01,10,01-10
156,5,2015,09,04,09-04
157,5,2016,07,11,07-11
158,5,2021,06,07,06-07
159,5,2017,11,15,11-15
160,5,2019,08,03,08-03
161,5,2015,08,23,08-23
162,5,2020,07,14,07-14
163,5,2020,05,19,05-19
164,5,2019,10,30,10-30
165,5,2018,04,12,04-12
166,5,2018,11,15,11-15
167,5,2015,07,17,07-17
168,5,2017,11,17,11-17
169,5,2017,10,05,10-05
170,5,2016,08,19,08-19
171,5,2015,07,12,07-12
172,5,2016,02,04,02-04
173,5,2016,09,17,09-17
174,5,2021,05,18,05-18
175,5,2021,03,31,03-31
176,5,2018,03,27,03-27
177,5,2015,10,14,10-14
178,5,2019,08,13,08-13
179,5,2019,08,22,08-22
180,5,2015,04,22,04-22
181,5,2016,09,06,09-06
182,5,2021,04,15,04-15
183,5,2018,07,21,07-21
184,5,2020,03,06,03-06
185,5,2018,09,27,09-27
186,5,2021,02,20,02-20
187,5,2017,05,03,05-03
188,5,2019,06,11,06-11
189,5,2018,04,11,04-11
190,5,2019,07,03,07-03
191,5,2020,01,09,01-09
192,5,2019,12,28,12-28
193,5,2019,02,22,02-22
194,5,2021,01,05,01-05
195,5,2018,04,14,04-14
196,5,2019,01,11,01-11
197,5,2015,06,06,06-06
198,5,2017,03,19,03-19
199,5,2017,08,01,08-01
200,5,2019,10,15,10-15
201,5,2020,10,02,10-02
202,5,2021,01,26,01-26
203,5,2020,08,10,08-10
204,5,2015,08,25,08-25
205,5,2018,07,05,07-05
206,5,2018,04,25,04-25
207,5,2020,11,10,11-10
208,5,2019,12,17,12-17
209,5,2020,08,08,08-08
210,5,2018,01,20,01-20
211,5,2019,12,05,12-05
212,5,2020,02,09,02-09
213,5,2019,04,29,04-29
214,5,2020,05,25,05-25
215,5,2015,08,22,08-22
216,5,2016,10,07,10-07
217,5,2015,11,09,11-09
218,5,2017,03,14,03-14
219,5,2015,06,11,06-11
220,5,2020,12,29,12-29
221,5,2018,12,16,12-16
222,5,2020,08,04,08-04
223,5,2015,06,03,06-03
224,5,2017,10,16,10-16
225,5,2018,01,08,01-08
226,5,2017,08,22,08-22
227,5,2017,10,06,10-06
228,5,2020,10,22,10-22
229,5,2015,07,06,07-06
230,5,2019,01,05,01-05
231,5,2021,02,25,02-25
232,5,2016,06,09,06-09
233,5,2016,05,19,05-19
234,5,2020,01,15,01-15
235,5,2018,10,29,10-29
236,5,2019,05,11,05-11
237,5,2018,10,17,10-17
238,5,2020,02,13,02-13
239,5,2015,12,05,12-05
240,5,2020,12,30,12-30
241,5,2018,02,26,02-26
242,5,2019,04,11,04-11
243,5,2021,02,26,02-26
244,5,2016,12,11,12-11
245,5,2015,03,17,03-17
246,5,2016,11,18,11-18
247,5,2017,07,11,07-11
248,5,2017,09,10,09-10
249,5,2015,02,17,02-17
250,5,2019,09,29,09-29
251,5,2020,10,19,10-19
252,5,2015,02,26,02-26
253,5,2020,04,11,04-11
254,5,2017,04,06,04-06
255,5,2018,10,12,10-12
256,5,2018,06,22,06-22
257,5,2018,06,12,06-12
258,5,2018,02,14,02-14
259,5,2018,03,16,03-16
260,5,2021,03,14,03-14
261,5,2017,02,07,02-07
262,5,2016,11,05,11-05
263,5,2021,04,02,04-02
264,5,2017,06,20,06-20
265,5,2019,05,04,05-04
266,5,2016,01,18,01-18
267,5,2016,02,24,02-24
268,5,2021,04,10,04-10
269,5,2015,09,10,09-10
270,5,2020,03,01,03-01
271,5,2015,07,23,07-23
272,5,2019,05,19,05-19
273,5,2018,05,02,05-02
274,5,2017,06,16,06-16
275,5,2016,03,07,03-07
276,5,2015,05,27,05-27
277,5,2019,11,29,11-29
278,5,2017,01,23,01-23
279,5,2016,04,23,04-23
280,5,2019,07,16,07-16
281,5,2020,08,15,08-15
282,5,2015,05,03,05-03
283,5,2019,01,15,01-15
284,5,2020,04,05,04-05
285,5,2015,10,20,10-20
286,5,2018,10,18,10-18
287,5,2020,09,24,09-24
288,5,2015,05,21,05-21
289,5,2016,03,10,03-10
290,5,2015,05,20,05-20
291,5,2016,08,08,08-08
292,5,2020,05,14,05-14
293,5,2020,04,02,04-02
294,5,2018,01,07,01-07
295,5,2016,04,17,04-17
296,5,2020,09,10,09-10
297,5,2018,06,16,06-16
298,5,2015,09,15,09-15
299,5,2019,10,27,10-27
300,5,2019,05,22,05-22
301,5,2016,06,27,06-27
302,5,2017,08,13,08-13
303,5,2019,01,06,01-06
304,5,2016,01,31,01-31
305,5,2015,09,23,09-23
306,5,2021,04,03,04-03
307,5,2019,07,18,07-18
308,5,2015,04,09,04-09
309,5,2015,02,08,02-08
310,5,2018,03,21,03-21
311,5,2016,02,21,02-21
312,5,2020,11,03,11-03
313,5,2017,10,31,10-31
314,5,2015,11,29,11-29
315,5,2015,10,10,10-10
316,5,2016,08,02,08-02
317,5,2017,11,09,11-09
318,5,2017,02,23,02-23
319,5,2016,06,24,06-24
320,5,2017,11,23,11-23
321,5,2015,01,15,01-15
322,5,2017,09,19,09-19
323,5,2017,08,21,08-21
324,5,2016,02,10,02-10
325,5,2019,02,06,02-06
326,5,2019,03,02,03-02
327,5,2019,03,04,03-04
328,5,2016,01,17,01-17
329,5,2018,07,25,07-25
330,5,2018,04,18,04-18
331,5,2021,06,15,06-15
332,5,2019,06,28,06-28
333,5,2018,07,20,07-20
334,5,2020,03,31,03-31
335,5,2017,03,16,03-16
336,5,2015,02,13,02-13
337,5,2017,03,02,03-02
338,4,2017,06,25,06-25
339,4,2016,01,11,01-11
340,4,2017,10,22,10-22
341,4,2018,04,06,04-06
342,4,2017,12,07,12-07
343,4,2015,04,21,04-21
344,4,2018,06,19,06-19
345,4,2021,03,26,03-26
346,4,2019,04,10,04-10
347,4,2017,02,09,02-09
348,4,2018,07,22,07-22
349,4,2019,03,31,03-31
350,4,2019,05,01,05-01
351,4,2015,11,05,11-05
352,4,2021,03,17,03-17
353,4,2019,12,02,12-02
354,4,2020,10,24,10-24
355,4,2015,01,21,01-21
356,4,2017,06,29,06-29
357,4,2016,10,30,10-30
358,4,2017,02,17,02-17
359,4,2016,03,26,03-26
360,4,2016,03,31,03-31
361,4,2020,08,17,08-17
362,4,2020,10,09,10-09
363,4,2018,07,07,07-07
364,4,2020,04,22,04-22
365,4,2021,06,04,06-04
366,4,2015,07,05,07-05
367,4,2017,09,03,09-03
368,4,2019,08,21,08-21
369,4,2019,11,01,11-01
370,4,2017,01,15,01-15
371,4,2016,10,10,10-10
372,4,2021,01,09,01-09
373,4,2017,12,10,12-10
374,4,2018,04,17,04-17
375,4,2019,07,01,07-01
376,4,2019,07,09,07-09
377,4,2020,06,22,06-22
378,4,2018,01,25,01-25
379,4,2015,11,11,11-11
380,4,2017,03,26,03-26
381,4,2018,07,17,07-17
382,4,2018,12,18,12-18
383,4,2015,08,08,08-08
384,4,2015,07,13,07-13
385,4,2016,11,08,11-08
386,4,2016,06,29,06-29
387,4,2015,04,24,04-24
388,4,2017,05,07,05-07
389,4,2019,05,09,05-09
390,4,2019,12,29,12-29
391,4,2018,04,24,04-24
392,4,2015,07,04,07-04
393,4,2021,05,08,05-08
394,4,2018,11,14,11-14
395,4,2019,09,14,09-14
396,4,2017,11,03,11-03
397,4,2019,10,21,10-21
398,4,2016,09,03,09-03
399,4,2019,03,13,03-13
400,4,2017,05,21,05-21
401,4,2018,04,28,04-28
402,4,2017,07,09,07-09
403,4,2020,11,22,11-22
404,4,2018,07,28,07-28
405,4,2019,04,01,04-01
406,4,2018,08,08,08-08
407,4,2016,08,29,08-29
408,4,2015,12,26,12-26
409,4,2019,03,25,03-25
410,4,2016,12,25,12-25
411,4,2020,12,13,12-13
412,4,2018,10,31,10-31
413,4,2017,07,15,07-15
414,4,2020,02,21,02-21
415,4,2015,04,02,04-02
416,4,2021,04,09,04-09
417,4,2018,11,05,11-05
418,4,2021,02,27,02-27
419,4,2021,06,01,06-01
420,4,2018,12,05,12-05
421,4,2017,12,20,12-20
422,4,2016,02,22,02-22
423,4,2019,06,03,06-03
424,4,2017,04,15,04-15
425,4,2016,02,20,02-20
426,4,2016,08,30,08-30
427,4,2020,09,21,09-21
428,4,2020,04,16,04-16
429,4,2017,10,04,10-04
430,4,2020,04,15,04-15
431,4,2018,05,08,05-08
432,4,2015,03,25,03-25
433,4,2015,10,02,10-02
434,4,2015,09,09,09-09
435,4,2020,06,17,06-17
436,4,2019,11,05,11-05
437,4,2018,11,09,11-09
438,4,2016,12,07,12-07
439,4,2019,03,19,03-19
440,4,2020,08,16,08-16
441,4,2020,06,29,06-29
442,4,2018,10,23,10-23
443,4,2016,06,07,06-07
444,4,2019,12,15,12-15
445,4,2016,05,11,05-11
446,4,2017,02,16,02-16
447,4,2016,04,03,04-03
448,4,2016,11,19,11-19
449,4,2015,08,28,08-28
450,4,2020,10,06,10-06
451,4,2016,09,01,09-01
452,4,2016,06,13,06-13
453,4,2015,01,08,01-08
454,4,2015,05,28,05-28
455,4,2017,12,15,12-15
456,4,2019,04,03,04-03
457,4,2016,02,13,02-13
458,4,2020,12,04,12-04
459,4,2015,06,22,06-22
460,4,2018,02,06,02-06
461,4,2016,01,30,01-30
462,4,2015,01,27,01-27
463,4,2015,11,15,11-15
464,4,2020,01,30,01-30
465,4,2018,11,04,11-04
466,4,2020,07,24,07-24
467,4,2021,02,05,02-05
468,4,2019,08,17,08-17
469,4,2017,08,29,08-29
470,4,2019,06,01,06-01
471,4,2015,03,13,03-13
472,4,2016,10,18,10-18
473,4,2017,07,31,07-31
474,4,2019,09,26,09-26
475,4,2019,11,07,11-07
476,4,2021,05,31,05-31
477,4,2020,05,28,05-28
478,4,2020,08,29,08-29
479,4,2019,10,17,10-17
480,4,2017,10,29,10-29
481,4,2015,12,13,12-13
482,4,2021,05,14,05-14
483,4,2019,03,10,03-10
484,4,2019,02,09,02-09
485,4,2019,09,18,09-18
486,4,2020,05,07,05-07
487,4,2016,05,29,05-29
488,4,2016,04,30,04-30
489,4,2015,02,20,02-20
490,4,2015,11,10,11-10
491,4,2019,06,09,06-09
492,4,2020,11,05,11-05
493,4,2017,03,04,03-04
494,4,2016,10,08,10-08
495,4,2020,06,18,06-18
496,4,2019,05,30,05-30
497,4,2015,08,03,08-03
498,4,2019,09,16,09-16
499,4,2018,04,08,04-08
500,4,2017,09,21,09-21
501,4,2018,09,16,09-16
502,4,2017,04,29,04-29
503,4,2015,07,03,07-03
504,4,2020,10,18,10-18
505,4,2019,10,01,10-01
506,4,2016,07,05,07-05
507,4,2019,11,04,11-04
508,4,2018,05,13,05-13
509,4,2021,04,13,04-13
510,4,2019,11,20,11-20
511,4,2016,08,01,08-01
512,4,2018,01,16,01-16
513,4,2020,02,16,02-16
514,4,2017,04,24,04-24
515,4,2016,02,11,02-11
516,4,2019,10,06,10-06
517,4,2016,02,18,02-18
518,4,2018,04,29,04-29
519,4,2021,01,21,01-21
520,4,2021,04,19,04-19
521,4,2016,05,22,05-22
522,4,2017,07,23,07-23
523,4,2015,03,21,03-21
524,4,2015,09,05,09-05
525,4,2016,11,11,11-11
526,4,2020,10,27,10-27
527,4,2021,04,01,04-01
528,4,2015,03,09,03-09
529,4,2015,08,19,08-19
530,4,2020,02,14,02-14
531,4,2017,02,11,02-11
532,4,2018,08,07,08-07
533,4,2015,10,28,10-28
534,4,2018,06,06,06-06
535,4,2018,02,17,02-17
536,4,2015,08,09,08-09
537,4,2019,11,06,11-06
538,4,2016,09,16,09-16
539,4,2015,12,24,12-24
540,4,2020,01,20,01-20
541,4,2019,08,09,08-09
542,4,2020,03,27,03-27
543,4,2019,02,12,02-12
544,4,2017,07,26,07-26
545,4,2020,02,04,02-04
546,4,2018,12,28,12-28
547,4,2015,01,06,01-06
548,4,2018,01,28,01-28
549,4,2016,11,27,11-27
550,4,2021,01,11,01-11
551,4,2016,11,29,11-29
552,4,2017,07,03,07-03
553,4,2019,01,04,01-04
554,4,2016,11,22,11-22
555,4,2020,06,13,06-13
556,4,2019,12,27,12-27
557,4,2020,10,04,10-04
558,4,2018,07,01,07-01
559,4,2017,07,17,07-17
560,4,2019,10,12,10-12
561,4,2017,06,13,06-13
562,4,2019,01,13,01-13
563,4,2018,01,26,01-26
564,4,2018,03,20,03-20
565,4,2015,12,22,12-22
566,4,2018,12,31,12-31
567,4,2015,12,10,12-10
568,4,2018,05,05,05-05
569,4,2017,10,19,10-19
570,4,2020,05,06,05-06
571,4,2017,06,07,06-07
572,4,2020,11,19,11-19
573,4,2019,12,14,12-14
574,4,2019,11,11,11-11
575,4,2018,10,08,10-08
576,4,2020,12,11,12-11
577,4,2019,12,21,12-21
578,4,2016,12,24,12-24
579,4,2018,02,10,02-10
580,4,2018,08,05,08-05
581,4,2018,05,06,05-06
582,4,2016,08,13,08-13
583,4,2016,03,17,03-17
584,4,2018,08,09,08-09
585,4,2016,07,04,07-04
586,4,2020,07,29,07-29
587,4,2018,01,23,01-23
588,4,2020,08,31,08-31
589,4,2016,06,14,06-14
590,4,2017,11,08,11-08
591,4,2015,02,03,02-03
592,4,2018,07,03,07-03
593,4,2015,07,25,07-25
594,4,2015,08,27,08-27
595,4,2016,09,26,09-26
596,4,2019,08,30,08-30
597,4,2016,06,16,06-16
598,4,2020,12,18,12-18
599,4,2016,06,10,06-10
600,4,2016,02,23,02-23
601,4,2019,06,05,06-05
602,4,2016,04,28,04-28
603,4,2018,08,01,08-01
604,4,2016,05,14,05-14
605,4,2020,03,24,03-24
606,4,2021,04,16,04-16
607,4,2016,08,05,08-05
608,4,2018,10,14,10-14
609,4,2016,07,17,07-17
610,4,2021,02,21,02-21
611,4,2015,06,09,06-09
612,4,2015,07,30,07-30
613,4,2019,04,20,04-20
614,4,2017,01,30,01-30
615,4,2018,08,13,08-13
616,4,2016,02,05,02-05
617,4,2017,07,25,07-25
618,4,2017,08,02,08-02
619,4,2015,01,26,01-26
620,4,2017,01,26,01-26
621,4,2019,02,23,02-23
622,4,2016,03,11,03-11
623,4,2017,05,16,05-16
624,4,2018,12,12,12-12
625,4,2018,06,25,06-25
626,4,2021,04,12,04-12
627,4,2017,06,12,06-12
628,4,2017,06,05,06-05
629,4,2020,03,15,03-15
630,4,2016,12,27,12-27
631,4,2015,04,08,04-08
632,4,2020,10,08,10-08
633,4,2020,10,17,10-17
634,4,2019,07,13,07-13
635,4,2015,11,04,11-04
636,4,2018,03,19,03-19
637,4,2020,05,23,05-23
638,4,2017,01,28,01-28
639,4,2018,06,07,06-07
640,4,2015,01,07,01-07
641,4,2015,05,08,05-08
642,4,2019,07,07,07-07
643,4,2017,02,26,02-26
644,4,2019,09,02,09-02
645,4,2018,03,29,03-29
646,4,2015,10,05,10-05
647,4,2021,01,31,01-31
648,4,2017,02,19,02-19
649,4,2019,10,14,10-14
650,4,2017,12,17,12-17
651,4,2016,03,20,03-20
652,4,2020,01,01,01-01
653,4,2015,08,14,08-14
654,4,2021,05,01,05-01
655,4,2015,10,16,10-16
656,4,2016,04,26,04-26
657,4,2015,03,10,03-10
658,4,2020,06,03,06-03
659,4,2018,08,03,08-03
660,4,2020,03,20,03-20
661,4,2016,03,19,03-19
662,4,2017,05,12,05-12
663,4,2016,09,02,09-02
664,4,2018,03,08,03-08
665,4,2019,07,02,07-02
666,4,2015,07,02,07-02
667,4,2020,08,19,08-19
668,4,2016,06,26,06-26
669,4,2018,04,09,04-09
670,4,2015,09,22,09-22
671,4,2018,04,10,04-10
672,4,2017,06,24,06-24
673,4,2016,10,25,10-25
674,4,2016,12,06,12-06
675,4,2018,09,24,09-24
676,4,2015,10,11,10-11
677,4,2015,06,23,06-23
678,4,2020,12,17,12-17
679,4,2018,08,19,08-19
680,4,2020,01,27,01-27
681,4,2020,11,01,11-01
682,4,2015,08,15,08-15
683,4,2020,06,25,06-25
684,4,2019,09,17,09-17
685,4,2017,04,25,04-25
686,4,2017,01,04,01-04
687,4,2015,04,04,04-04
688,4,2021,04,17,04-17
689,4,2019,02,26,02-26
690,4,2018,10,05,10-05
691,4,2016,05,04,05-04
692,4,2017,05,23,05-23
693,4,2020,08,25,08-25
694,3,2018,01,27,01-27
695,3,2018,07,11,07-11
696,3,2015,08,29,08-29
697,3,2016,01,29,01-29
698,3,2020,11,09,11-09
699,3,2017,09,27,09-27
700,3,2018,05,19,05-19
701,3,2020,10,26,10-26
702,3,2016,10,14,10-14
703,3,2015,01,28,01-28
704,3,2017,08,24,08-24
705,3,2015,03,14,03-14
706,3,2017,07,21,07-21
707,3,2017,08,20,08-20
708,3,2018,03,11,03-11
709,3,2017,04,04,04-04
710,3,2015,11,19,11-19
711,3,2018,08,12,08-12
712,3,2017,06,30,06-30
713,3,2016,02,25,02-25
714,3,2015,11,20,11-20
715,3,2021,03,13,03-13
716,3,2018,03,09,03-09
717,3,2021,04,20,04-20
718,3,2019,06,18,06-18
719,3,2015,04,25,04-25
720,3,2017,12,25,12-25
721,3,2015,09,27,09-27
722,3,2020,01,12,01-12
723,3,2017,05,26,05-26
724,3,2016,12,30,12-30
725,3,2021,04,14,04-14
726,3,2016,06,23,06-23
727,3,2017,02,28,02-28
728,3,2019,11,28,11-28
729,3,2015,03,01,03-01
730,3,2016,04,15,04-15
731,3,2015,11,06,11-06
732,3,2017,05,10,05-10
733,3,2018,08,25,08-25
734,3,2019,11,16,11-16
735,3,2019,11,15,11-15
736,3,2017,02,12,02-12
737,3,2016,12,02,12-02
738,3,2018,09,05,09-05
739,3,2020,11,27,11-27
740,3,2018,05,23,05-23
741,3,2015,09,24,09-24
742,3,2018,12,06,12-06
743,3,2019,03,16,03-16
744,3,2015,05,29,05-29
745,3,2018,06,20,06-20
746,3,2018,08,31,08-31
747,3,2016,02,16,02-16
748,3,2018,04,20,04-20
749,3,2019,10,18,10-18
750,3,2017,02,08,02-08
751,3,2016,03,23,03-23
752,3,2019,12,16,12-16
753,3,2016,11,03,11-03
754,3,2019,03,30,03-30
755,3,2019,09,15,09-15
756,3,2016,07,16,07-16
757,3,2017,09,05,09-05
758,3,2016,11,28,11-28
759,3,2020,04,28,04-28
760,3,2018,06,13,06-13
761,3,2017,10,28,10-28
762,3,2017,11,11,11-11
763,3,2020,06,06,06-06
764,3,2019,04,07,04-07
765,3,2015,03,31,03-31
766,3,2017,07,19,07-19
767,3,2020,02,29,02-29
768,3,2017,09,06,09-06
769,3,2019,08,19,08-19
770,3,2020,11,07,11-07
771,3,2017,04,13,04-13
772,3,2017,12,19,12-19
773,3,2016,07,07,07-07
774,3,2018,11,22,11-22
775,3,2015,01,17,01-17
776,3,2018,12,26,12-26
777,3,2015,12,27,12-27
778,3,2016,03,16,03-16
779,3,2020,05,17,05-17
780,3,2016,01,19,01-19
781,3,2019,04,30,04-30
782,3,2015,05,17,05-17
783,3,2019,11,13,11-13
784,3,2019,06,25,06-25
785,3,2016,06,21,06-21
786,3,2016,10,31,10-31
787,3,2017,07,08,07-08
788,3,2020,02,02,02-02
789,3,2017,01,22,01-22
790,3,2020,08,09,08-09
791,3,2020,11,08,11-08
792,3,2015,01,11,01-11
793,3,2018,12,30,12-30
794,3,2020,09,06,09-06
795,3,2019,09,03,09-03
796,3,2016,08,03,08-03
797,3,2017,03,13,03-13
798,3,2018,01,29,01-29
799,3,2018,11,11,11-11
800,3,2020,11,15,11-15
801,3,2018,05,29,05-29
802,3,2018,02,03,02-03
803,3,2017,02,14,02-14
804,3,2021,03,20,03-20
805,3,2020,01,16,01-16
806,3,2019,05,07,05-07
807,3,2017,05,20,05-20
808,3,2021,02,07,02-07
809,3,2015,03,24,03-24
810,3,2018,07,04,07-04
811,3,2019,09,04,09-04
812,3,2020,08,21,08-21
813,3,2017,04,26,04-26
814,3,2016,12,20,12-20
815,3,2016,03,21,03-21
816,3,2019,10,26,10-26
817,3,2019,10,08,10-08
818,3,2016,08,11,08-11
819,3,2016,10,12,10-12
820,3,2017,12,30,12-30
821,3,2016,10,19,10-19
822,3,2021,02,15,02-15
823,3,2021,05,20,05-20
824,3,2019,09,05,09-05
825,3,2016,04,19,04-19
826,3,2017,11,18,11-18
827,3,2019,07,17,07-17
828,3,2016,08,25,08-25
829,3,2019,06,24,06-24
830,3,2017,09,01,09-01
831,3,2016,05,24,05-24
832,3,2016,06,12,06-12
833,3,2018,07,15,07-15
834,3,2021,05,22,05-22
835,3,2017,03,18,03-18
836,3,2016,09,12,09-12
837,3,2017,07,13,07-13
838,3,2017,02,06,02-06
839,3,2018,07,08,07-08
840,3,2016,08,24,08-24
841,3,2018,03,03,03-03
842,3,2018,05,01,05-01
843,3,2016,12,23,12-23
844,3,2016,12,01,12-01
845,3,2019,10,11,10-11
846,3,2017,03,17,03-17
847,3,2021,03,12,03-12
848,3,2020,12,08,12-08
849,3,2016,08,09,08-09
850,3,2018,09,29,09-29
851,3,2015,06,13,06-13
852,3,2016,07,23,07-23
853,3,2021,05,24,05-24
854,3,2020,12,09,12-09
855,3,2018,02,09,02-09
856,3,2019,04,12,04-12
857,3,2020,07,16,07-16
858,3,2018,12,01,12-01
859,3,2019,05,02,05-02
860,3,2018,07,10,07-10
861,3,2016,10,23,10-23
862,3,2021,01,18,01-18
863,3,2020,02,07,02-07
864,3,2019,09,23,09-23
865,3,2015,05,23,05-23
866,3,2015,03,08,03-08
867,3,2016,03,12,03-12
868,3,2015,02,02,02-02
869,3,2020,01,22,01-22
870,3,2017,01,16,01-16
871,3,2018,07,18,07-18
872,3,2019,04,22,04-22
873,3,2018,11,28,11-28
874,3,2021,05,04,05-04
875,3,2019,03,20,03-20
876,3,2021,03,18,03-18
877,3,2016,09,15,09-15
878,3,2020,11,21,11-21
879,3,2017,02,22,02-22
880,3,2018,09,14,09-14
881,3,2019,02,11,02-11
882,3,2017,11,02,11-02
883,3,2016,06,01,06-01
884,3,2019,12,22,12-22
885,3,2015,03,05,03-05
886,3,2016,04,12,04-12
887,3,2019,12,23,12-23
888,3,2016,03,01,03-01
889,3,2018,12,10,12-10
890,3,2020,08,18,08-18
891,3,2015,11,24,11-24
892,3,2015,05,05,05-05
893,3,2016,10,27,10-27
894,3,2017,01,19,01-19
895,3,2016,11,25,11-25
896,3,2019,03,01,03-01
897,3,2016,06,18,06-18
898,3,2016,06,30,06-30
899,3,2019,04,18,04-18
900,3,2015,05,19,05-19
901,3,2015,11,22,11-22
902,3,2021,01,17,01-17
903,3,2019,10,13,10-13
904,3,2015,03,18,03-18
905,3,2021,05,19,05-19
906,3,2019,03,12,03-12
907,3,2016,01,06,01-06
908,3,2017,11,05,11-05
909,3,2020,07,05,07-05
910,3,2019,05,20,05-20
911,3,2016,04,27,04-27
912,3,2021,03,09,03-09
913,3,2018,06,01,06-01
914,3,2016,12,18,12-18
915,3,2021,04,24,04-24
916,3,2018,02,27,02-27
917,3,2020,05,16,05-16
918,3,2015,05,12,05-12
919,3,2017,08,25,08-25
920,3,2016,11,15,11-15
921,3,2020,02,24,02-24
922,3,2017,02,13,02-13
923,3,2015,09,06,09-06
924,3,2017,07,28,07-28
925,3,2017,08,07,08-07
926,3,2020,03,18,03-18
927,3,2017,04,22,04-22
928,3,2015,02,10,02-10
929,3,2020,01,11,01-11
930,3,2016,12,31,12-31
931,3,2016,06,04,06-04
932,3,2017,09,11,09-11
933,3,2018,09,03,09-03
934,3,2018,11,03,11-03
935,3,2020,08,26,08-26
936,3,2015,11,13,11-13
937,3,2017,02,02,02-02
938,3,2015,04,26,04-26
939,3,2021,01,03,01-03
940,3,2018,01,02,01-02
941,3,2018,08,18,08-18
942,3,2019,06,10,06-10
943,3,2021,06,02,06-02
944,3,2021,03,25,03-25
945,3,2015,07,22,07-22
946,3,2016,10,13,10-13
947,3,2018,08,06,08-06
948,3,2020,08,02,08-02
949,3,2016,12,17,12-17
950,3,2016,06,25,06-25
951,3,2021,01,12,01-12
952,3,2016,02,07,02-07
953,3,2021,06,13,06-13
954,3,2015,12,06,12-06
955,3,2017,03,08,03-08
956,3,2017,10,11,10-11
957,3,2020,02,27,02-27
958,3,2018,01,01,01-01
959,3,2020,06,11,06-11
960,3,2015,03,22,03-22
961,3,2017,01,25,01-25
962,3,2020,02,01,02-01
963,3,2017,06,09,06-09
964,3,2021,03,05,03-05
965,3,2021,03,30,03-30
966,3,2019,12,03,12-03
967,3,2016,09,23,09-23
968,3,2015,07,10,07-10
969,3,2019,10,19,10-19
970,3,2016,10,04,10-04
971,3,2020,09,05,09-05
972,3,2020,01,29,01-29
973,3,2018,01,05,01-05
974,3,2017,10,20,10-20
975,3,2016,04,10,04-10
976,3,2017,02,04,02-04
977,3,2016,07,01,07-01
978,3,2018,11,30,11-30
979,3,2020,10,28,10-28
980,3,2019,11,09,11-09
981,3,2017,01,11,01-11
982,3,2017,06,10,06-10
983,3,2017,01,12,01-12
984,3,2017,08,27,08-27
985,3,2016,03,29,03-29
986,3,2020,11,30,11-30
987,3,2019,10,31,10-31
988,3,2016,08,27,08-27
989,3,2021,06,10,06-10
990,3,2015,02,16,02-16
991,3,2018,09,09,09-09
992,3,2017,06,14,06-14
993,3,2017,10,26,10-26
994,3,2016,04,13,04-13
995,3,2017,11,19,11-19
996,3,2019,05,24,05-24
997,3,2015,01,23,01-23
998,3,2015,10,04,10-04
999,3,2019,02,02,02-02
1000,3,2020,09,15,09-15
1001,3,2015,06,08,06-08
1002,3,2020,11,14,11-14
1003,3,2015,08,21,08-21
1004,3,2020,07,07,07-07
1005,3,2015,09,25,09-25
1006,3,2021,06,14,06-14
1007,3,2019,06,16,06-16
1008,3,2020,11,11,11-11
1009,3,2016,05,05,05-05
1010,3,2020,04,18,04-18
1011,3,2015,01,24,01-24
1012,3,2019,09,12,09-12
1013,3,2018,07,24,07-24
1014,3,2015,03,20,03-20
1015,3,2019,06,20,06-20
1016,3,2020,05,15,05-15
1017,3,2021,03,29,03-29
1018,3,2016,01,02,01-02
1019,3,2020,04,29,04-29
1020,3,2016,01,20,01-20
1021,3,2018,12,09,12-09
1022,3,2019,08,02,08-02
1023,3,2017,12,22,12-22
1024,3,2015,07,21,07-21
1025,3,2020,06,09,06-09
1026,3,2020,12,01,12-01
1027,3,2016,02,14,02-14
1028,3,2017,02,24,02-24
1029,3,2019,07,23,07-23
1030,3,2017,11,28,11-28
1031,3,2017,12,27,12-27
1032,3,2018,02,13,02-13
1033,3,2018,06,03,06-03
1034,3,2015,10,26,10-26
1035,3,2019,07,14,07-14
1036,3,2020,12,05,12-05
1037,3,2016,07,03,07-03
1038,3,2020,06,07,06-07
1039,3,2018,08,27,08-27
1040,3,2018,10,07,10-07
1041,3,2020,11,20,11-20
1042,3,2017,09,20,09-20
1043,3,2020,12,06,12-06
1044,3,2016,01,28,01-28
1045,3,2016,03,15,03-15
1046,3,2015,07,18,07-18
1047,3,2019,05,17,05-17
1048,3,2016,05,21,05-21
1049,3,2019,04,09,04-09
1050,3,2020,01,28,01-28
1051,3,2021,01,06,01-06
1052,3,2019,06,17,06-17
1053,3,2020,07,30,07-30
1054,3,2021,04,21,04-21
1055,3,2017,07,01,07-01
1056,3,2016,09,07,09-07
1057,3,2017,02,05,02-05
1058,3,2021,01,08,01-08
1059,3,2019,05,13,05-13
1060,3,2017,07,12,07-12
1061,3,2015,07,27,07-27
1062,3,2015,04,06,04-06
1063,3,2019,01,25,01-25
1064,3,2017,04,30,04-30
1065,3,2017,03,22,03-22
1066,3,2015,09,13,09-13
1067,3,2018,03,18,03-18
1068,3,2018,02,11,02-11
1069,3,2017,12,21,12-21
1070,3,2018,01,11,01-11
1071,3,2019,09,24,09-24
1072,3,2018,04,26,04-26
1073,3,2020,06,01,06-01
1074,3,2015,06,19,06-19
1075,3,2017,03,23,03-23
1076,3,2015,04,28,04-28
1077,3,2017,12,28,12-28
1078,3,2015,11,01,11-01
1079,3,2015,01,04,01-04
1080,3,2017,10,24,10-24
1081,3,2019,05,15,05-15
1082,3,2019,08,27,08-27
1083,3,2018,03,07,03-07
1084,3,2020,06,26,06-26
1085,3,2021,04,23,04-23
1086,3,2020,03,05,03-05
1087,3,2017,11,26,11-26
1088,3,2019,02,14,02-14
1089,3,2017,09,17,09-17
1090,3,2020,07,10,07-10
1091,3,2018,03,24,03-24
1092,3,2017,10,23,10-23
1093,3,2019,09,09,09-09
1094,3,2020,08,06,08-06
1095,3,2017,07,18,07-18
1096,3,2016,11,13,11-13
1097,3,2015,05,26,05-26
1098,3,2018,02,19,02-19
1099,3,2021,05,21,05-21
1100,3,2020,09,03,09-03
1101,3,2019,04,16,04-16
1102,3,2021,02,08,02-08
1103,3,2018,05,25,05-25
1104,3,2018,03,14,03-14
1105,3,2018,08,24,08-24
1106,3,2019,05,23,05-23
1107,3,2020,06,02,06-02
1108,3,2018,10,20,10-20
1109,3,2015,11,30,11-30
1110,3,2021,06,19,06-19
1111,3,2017,03,27,03-27
1112,3,2016,10,17,10-17
1113,3,2016,04,06,04-06
1114,3,2019,03,07,03-07
1115,3,2016,02,12,02-12
1116,3,2015,05,07,05-07
1117,3,2017,11,14,11-14
1118,3,2016,02,03,02-03
1119,3,2015,08,26,08-26
1120,3,2015,08,20,08-20
1121,3,2018,09,17,09-17
1122,3,2020,06,23,06-23
1123,3,2020,07,12,07-12
1124,3,2020,04,09,04-09
1125,3,2018,02,15,02-15
1126,3,2021,01,20,01-20
1127,3,2016,10,28,10-28
1128,3,2018,10,22,10-22
1129,3,2015,09,01,09-01
1130,3,2017,04,14,04-14
1131,3,2017,02,15,02-15
1132,3,2015,11,25,11-25
1133,3,2021,01,15,01-15
1134,3,2015,03,06,03-06
1135,3,2016,03,06,03-06
1136,3,2019,07,26,07-26
1137,3,2015,10,21,10-21
1138,3,2017,12,24,12-24
1139,3,2015,04,12,04-12
1140,3,2016,05,07,05-07
1141,3,2019,02,17,02-17
1142,3,2016,12,12,12-12
1143,3,2017,07,07,07-07
1144,3,2017,05,28,05-28
1145,3,2017,09,15,09-15
1146,3,2017,12,06,12-06
1147,3,2021,06,05,06-05
1148,3,2020,02,10,02-10
1149,3,2015,02,15,02-15
1150,3,2020,01,24,01-24
1151,3,2016,04,08,04-08
1152,3,2019,01,02,01-02
1153,3,2017,03,24,03-24
1154,3,2016,03,30,03-30
1155,3,2016,09,09,09-09
1156,3,2015,10,22,10-22
1157,3,2020,11,02,11-02
1158,3,2019,12,30,12-30
1159,3,2021,05,30,05-30
1160,3,2020,09,19,09-19
1161,3,2021,04,06,04-06
1162,3,2015,04,17,04-17
1163,3,2020,10,30,10-30
1164,3,2021,04,05,04-05
1165,3,2016,09,19,09-19
1166,3,2020,10,12,10-12
1167,3,2017,05,29,05-29
1168,3,2015,12,18,12-18
1169,3,2019,12,20,12-20
1170,3,2019,08,28,08-28
1171,3,2020,05,20,05-20
1172,3,2019,01,19,01-19
1173,3,2018,05,27,05-27
1174,3,2018,07,23,07-23
1175,3,2019,12,24,12-24
1176,3,2020,12,25,12-25
1177,3,2019,01,07,01-07
1178,3,2015,04,23,04-23
1179,3,2018,05,18,05-18
1180,3,2017,08,18,08-18
1181,3,2016,02,08,02-08
1182,3,2021,02,02,02-02
1183,3,2016,12,09,12-09
1184,3,2016,05,18,05-18
1185,3,2018,02,25,02-25
1186,3,2021,02,01,02-01
1187,3,2017,09,26,09-26
1188,3,2016,07,31,07-31
1189,2,2020,06,05,06-05
1190,2,2016,04,01,04-01
1191,2,2020,03,25,03-25
1192,2,2020,03,30,03-30
1193,2,2021,02,14,02-14
1194,2,2019,05,31,05-31
1195,2,2016,12,04,12-04
1196,2,2018,09,25,09-25
1197,2,2019,09,01,09-01
1198,2,2020,12,15,12-15
1199,2,2017,01,06,01-06
1200,2,2020,06,16,06-16
1201,2,2015,07,26,07-26
1202,2,2019,09,25,09-25
1203,2,2015,09,29,09-29
1204,2,2020,09,04,09-04
1205,2,2018,03,31,03-31
1206,2,2015,05,25,05-25
1207,2,2015,04,01,04-01
1208,2,2020,04,19,04-19
1209,2,2019,02,10,02-10
1210,2,2017,08,11,08-11
1211,2,2019,08,12,08-12
1212,2,2016,07,21,07-21
1213,2,2015,06,14,06-14
1214,2,2017,01,09,01-09
1215,2,2016,06,19,06-19
1216,2,2020,03,23,03-23
1217,2,2019,07,10,07-10
1218,2,2015,02,09,02-09
1219,2,2016,11,12,11-12
1220,2,2019,02,25,02-25
1221,2,2017,11,13,11-13
1222,2,2016,08,15,08-15
1223,2,2017,05,31,05-31
1224,2,2017,10,14,10-14
1225,2,2017,01,17,01-17
1226,2,2020,12,14,12-14
1227,2,2017,12,02,12-02
1228,2,2015,12,17,12-17
1229,2,2020,01,25,01-25
1230,2,2021,01,02,01-02
1231,2,2020,08,20,08-20
1232,2,2020,06,19,06-19
1233,2,2020,08,22,08-22
1234,2,2015,12,20,12-20
1235,2,2017,12,31,12-31
1236,2,2015,06,26,06-26
1237,2,2018,02,05,02-05
1238,2,2019,08,23,08-23
1239,2,2015,09,17,09-17
1240,2,2017,06,17,06-17
1241,2,2015,03,16,03-16
1242,2,2015,06,02,06-02
1243,2,2015,03,29,03-29
1244,2,2016,09,05,09-05
1245,2,2019,08,10,08-10
1246,2,2021,02,24,02-24
1247,2,2018,04,22,04-22
1248,2,2017,11,30,11-30
1249,2,2016,11,20,11-20
1250,2,2020,02,17,02-17
1251,2,2021,03,16,03-16
1252,2,2017,07,29,07-29
1253,2,2018,08,16,08-16
1254,2,2015,06,07,06-07
1255,2,2018,01,24,01-24
1256,2,2019,04,24,04-24
1257,2,2019,09,08,09-08
1258,2,2016,12,10,12-10
1259,2,2019,11,26,11-26
1260,2,2021,01,27,01-27
1261,2,2015,04,30,04-30
1262,2,2019,10,07,10-07
1263,2,2018,08,28,08-28
1264,2,2020,07,04,07-04
1265,2,2020,08,11,08-11
1266,2,2015,01,31,01-31
1267,2,2015,12,01,12-01
1268,2,2015,03,04,03-04
1269,2,2016,11,16,11-16
1270,2,2019,03,24,03-24
1271,2,2019,06,04,06-04
1272,2,2020,06,30,06-30
1273,2,2020,07,28,07-28
1274,2,2016,02,26,02-26
1275,2,2017,06,18,06-18
1276,2,2015,10,29,10-29
1277,2,2019,11,23,11-23
1278,2,2021,01,30,01-30
1279,2,2016,09,28,09-28
1280,2,2019,07,11,07-11
1281,2,2018,09,30,09-30
1282,2,2018,12,20,12-20
1283,2,2016,11,10,11-10
1284,2,2019,01,10,01-10
1285,2,2018,05,21,05-21
1286,2,2020,10,03,10-03
1287,2,2020,07,08,07-08
1288,2,2020,04,06,04-06
1289,2,2019,02,08,02-08
1290,2,2017,04,28,04-28
1291,2,2020,04,21,04-21
1292,2,2019,06,29,06-29
1293,2,2015,06,17,06-17
1294,2,2020,03,26,03-26
1295,2,2019,04,04,04-04
1296,2,2015,07,08,07-08
1297,2,2020,11,12,11-12
1298,2,2018,02,23,02-23
1299,2,2020,04,26,04-26
1300,2,2017,03,28,03-28
1301,2,2017,03,12,03-12
1302,2,2015,04,19,04-19
1303,2,2018,06,09,06-09
1304,2,2017,10,02,10-02
1305,2,2021,01,04,01-04
1306,2,2020,07,11,07-11
1307,2,2018,09,12,09-12
1308,2,2021,05,26,05-26
1309,2,2015,12,04,12-04
1310,2,2018,12,19,12-19
1311,2,2019,06,08,06-08
1312,2,2020,07,23,07-23
1313,2,2019,02,20,02-20
1314,2,2020,07,17,07-17
1315,2,2015,07,24,07-24
1316,2,2020,09,08,09-08
1317,2,2017,10,13,10-13
1318,2,2021,03,10,03-10
1319,2,2015,09,12,09-12
1320,2,2017,12,01,12-01
1321,2,2017,11,01,11-01
1322,2,2019,01,30,01-30
1323,2,2015,08,17,08-17
1324,2,2017,07,20,07-20
1325,2,2020,09,22,09-22
1326,2,2015,01,16,01-16
1327,2,2017,08,06,08-06
1328,2,2019,11,12,11-12
1329,2,2020,09,09,09-09
1330,2,2019,08,14,08-14
1331,2,2020,12,20,12-20
1332,2,2016,07,29,07-29
1333,2,2019,08,18,08-18
1334,2,2020,10,31,10-31
1335,2,2020,02,08,02-08
1336,2,2015,08,01,08-01
1337,2,2016,10,02,10-02
1338,2,2021,05,16,05-16
1339,2,2016,10,09,10-09
1340,2,2017,08,14,08-14
1341,2,2020,10,29,10-29
1342,2,2015,05,15,05-15
1343,2,2016,01,14,01-14
1344,2,2017,05,08,05-08
1345,2,2016,11,04,11-04
1346,2,2017,09,08,09-08
1347,2,2021,03,24,03-24
1348,2,2017,11,07,11-07
1349,2,2016,03,02,03-02
1350,2,2015,06,16,06-16
1351,2,2017,08,28,08-28
1352,2,2020,11,26,11-26
1353,2,2015,02,25,02-25
1354,2,2018,08,20,08-20
1355,2,2019,05,27,05-27
1356,2,2019,07,19,07-19
1357,2,2019,08,08,08-08
1358,2,2019,04,26,04-26
1359,2,2018,05,24,05-24
1360,2,2017,04,05,04-05
1361,2,2015,04,10,04-10
1362,2,2019,11,14,11-14
1363,2,2015,07,20,07-20
1364,2,2015,10,17,10-17
1365,2,2019,07,04,07-04
1366,2,2021,02,03,02-03
1367,2,2016,10,26,10-26
1368,2,2019,01,12,01-12
1369,2,2015,02,14,02-14
1370,2,2020,04,17,04-17
1371,2,2020,10,13,10-13
1372,2,2016,02,01,02-01
1373,2,2020,12,22,12-22
1374,2,2020,05,21,05-21
1375,2,2019,10,16,10-16
1376,2,2016,02,28,02-28
1377,2,2017,05,27,05-27
1378,2,2017,06,06,06-06
1379,2,2018,04,07,04-07
1380,2,2018,07,27,07-27
1381,2,2015,02,11,02-11
1382,2,2017,03,09,03-09
1383,2,2019,09,28,09-28
1384,2,2021,05,17,05-17
1385,2,2020,06,24,06-24
1386,2,2018,11,29,11-29
1387,2,2021,04,30,04-30
1388,2,2016,09,08,09-08
1389,2,2019,09,21,09-21
1390,2,2019,11,02,11-02
1391,2,2017,10,25,10-25
1392,2,2016,04,18,04-18
1393,2,2016,05,28,05-28
1394,2,2015,02,21,02-21
1395,2,2020,12,02,12-02
1396,2,2021,01,01,01-01
1397,2,2020,07,25,07-25
1398,2,2017,12,13,12-13
1399,2,2018,11,23,11-23
1400,2,2016,12,13,12-13
1401,2,2015,05,10,05-10
1402,2,2015,07,31,07-31
1403,2,2017,04,01,04-01
1404,2,2019,10,10,10-10
1405,2,2015,10,09,10-09
1406,2,2020,03,03,03-03
1407,2,2016,03,04,03-04
1408,2,2020,02,05,02-05
1409,2,2020,04,27,04-27
1410,2,2016,03,05,03-05
1411,2,2016,07,25,07-25
1412,2,2016,11,23,11-23
1413,2,2015,12,29,12-29
1414,2,2017,09,25,09-25
1415,2,2016,09,10,09-10
1416,2,2015,10,31,10-31
1417,2,2020,04,23,04-23
1418,2,2016,06,28,06-28
1419,2,2020,07,15,07-15
1420,2,2020,04,13,04-13
1421,2,2019,05,26,05-26
1422,2,2020,05,04,05-04
1423,2,2017,07,06,07-06
1424,2,2017,11,06,11-06
1425,2,2020,03,12,03-12
1426,2,2015,08,16,08-16
1427,2,2016,04,07,04-07
1428,2,2021,01,13,01-13
1429,2,2017,02,18,02-18
1430,2,2019,02,16,02-16
1431,2,2021,03,07,03-07
1432,2,2018,03,30,03-30
1433,2,2020,05,24,05-24
1434,2,2016,06,03,06-03
1435,2,2017,05,14,05-14
1436,2,2017,11,29,11-29
1437,2,2017,04,27,04-27
1438,2,2018,12,23,12-23
1439,2,2017,09,28,09-28
1440,2,2021,02,28,02-28
1441,2,2018,06,17,06-17
1442,2,2019,08,04,08-04
1443,2,2016,02,19,02-19
1444,2,2018,04,13,04-13
1445,2,2019,09,20,09-20
1446,2,2017,01,21,01-21
1447,2,2016,05,25,05-25
1448,2,2020,03,09,03-09
1449,2,2018,05,31,05-31
1450,2,2015,04,14,04-14
1451,2,2020,03,11,03-11
1452,2,2016,04,05,04-05
1453,2,2020,04,08,04-08
1454,2,2018,03,22,03-22
1455,2,2021,06,08,06-08
1456,2,2020,07,31,07-31
1457,2,2019,11,03,11-03
1458,2,2019,08,26,08-26
1459,2,2017,05,02,05-02
1460,2,2019,09,30,09-30
1461,2,2018,12,07,12-07
1462,2,2015,09,18,09-18
1463,2,2019,02,03,02-03
1464,2,2018,11,19,11-19
1465,2,2017,09,24,09-24
1466,2,2015,01,09,01-09
1467,2,2019,01,08,01-08
1468,2,2016,11,02,11-02
1469,2,2017,01,03,01-03
1470,2,2016,01,10,01-10
1471,2,2015,03,03,03-03
1472,2,2015,07,01,07-01
1473,2,2018,07,31,07-31
1474,2,2021,01,24,01-24
1475,2,2016,06,02,06-02
1476,2,2020,03,04,03-04
1477,2,2015,06,05,06-05
1478,2,2017,08,10,08-10
1479,2,2019,05,18,05-18
1480,2,2016,04,09,04-09
1481,2,2018,10,02,10-02
1482,2,2018,08,23,08-23
1483,2,2017,07,10,07-10
1484,2,2020,04,30,04-30
1485,2,2019,02,04,02-04
1486,2,2017,05,24,05-24
1487,2,2019,07,22,07-22
1488,2,2017,01,05,01-05
1489,2,2018,06,05,06-05
1490,2,2019,09,07,09-07
1491,2,2017,03,03,03-03
1492,2,2019,01,29,01-29
1493,2,2020,12,16,12-16
1494,2,2018,11,02,11-02
1495,2,2015,12,08,12-08
1496,2,2016,05,30,05-30
1497,2,2021,01,19,01-19
1498,2,2016,03,22,03-22
1499,2,2020,12,23,12-23
1500,2,2021,02,18,02-18
1501,2,2017,02,25,02-25
1502,2,2018,11,17,11-17
1503,2,2015,11,18,11-18
1504,2,2015,11,23,11-23
1505,2,2017,09,04,09-04
1506,2,2021,06,18,06-18
1507,2,2020,11,24,11-24
1508,2,2015,11,16,11-16
1509,2,2019,11,25,11-25
1510,2,2019,09,11,09-11
1511,2,2018,05,30,05-30
1512,2,2016,10,01,10-01
1513,2,2019,12,25,12-25
1514,2,2017,09,30,09-30
1515,2,2016,10,21,10-21
1516,2,2017,11,27,11-27
1517,2,2015,05,30,05-30
1518,2,2017,12,05,12-05
1519,2,2016,01,12,01-12
1520,2,2017,12,11,12-11
1521,2,2020,12,31,12-31
1522,2,2020,05,08,05-08
1523,2,2020,09,30,09-30
1524,2,2015,04,18,04-18
1525,2,2018,02,16,02-16
1526,2,2018,12,17,12-17
1527,2,2016,01,04,01-04
1528,2,2018,07,19,07-19
1529,2,2020,11,29,11-29
1530,2,2015,07,14,07-14
1531,2,2017,12,09,12-09
1532,2,2018,06,08,06-08
1533,2,2016,07,26,07-26
1534,2,2018,07,06,07-06
1535,2,2020,03,28,03-28
1536,2,2020,08,24,08-24
1537,2,2015,01,02,01-02
1538,2,2016,06,15,06-15
1539,2,2017,10,21,10-21
1540,2,2021,03,23,03-23
1541,2,2019,07,15,07-15
1542,2,2020,04,12,04-12
1543,2,2018,08,30,08-30
1544,2,2015,05,11,05-11
1545,2,2018,12,13,12-13
1546,2,2019,02,13,02-13
1547,2,2015,01,18,01-18
1548,2,2019,01,24,01-24
1549,2,2017,11,24,11-24
1550,2,2020,04,10,04-10
1551,2,2018,12,21,12-21
1552,2,2016,06,20,06-20
1553,2,2016,07,13,07-13
1554,2,2018,06,11,06-11
1555,2,2017,01,14,01-14
1556,2,2016,07,02,07-02
1557,2,2019,01,01,01-01
1558,2,2016,10,11,10-11
1559,2,2019,06,13,06-13
1560,2,2021,02,13,02-13
1561,2,2016,04,11,04-11
1562,2,2020,08,14,08-14
1563,2,2019,12,11,12-11
1564,2,2020,06,10,06-10
1565,2,2017,04,09,04-09
1566,2,2021,04,18,04-18
1567,2,2018,07,14,07-14
1568,2,2020,03,07,03-07
1569,2,2015,01,22,01-22
1570,2,2020,12,07,12-07
1571,2,2016,09,27,09-27
1572,2,2019,03,21,03-21
1573,2,2020,01,08,01-08
1574,2,2015,01,25,01-25
1575,2,2018,04,21,04-21
1576,2,2015,08,06,08-06
1577,2,2019,04,17,04-17
1578,2,2017,03,11,03-11
1579,2,2017,08,30,08-30
1580,2,2017,08,16,08-16
1581,2,2015,09,28,09-28
1582,2,2015,05,14,05-14
1583,2,2018,08,29,08-29
1584,2,2016,11,21,11-21
1585,2,2018,11,13,11-13
1586,2,2019,09,19,09-19
1587,2,2018,08,02,08-02
1588,2,2017,12,23,12-23
1589,2,2021,03,03,03-03
1590,2,2016,08,07,08-07
1591,2,2018,02,08,02-08
1592,2,2015,12,30,12-30
1593,2,2019,06,12,06-12
1594,2,2020,03,21,03-21
1595,2,2018,07,13,07-13
1596,2,2020,06,12,06-12
1597,2,2018,09,18,09-18
1598,2,2018,10,21,10-21
1599,2,2017,05,13,05-13
1600,2,2019,12,06,12-06
1601,2,2017,08,05,08-05
1602,2,2016,01,08,01-08
1603,2,2016,01,15,01-15
1604,2,2019,02,27,02-27
1605,2,2015,01,29,01-29
1606,2,2020,07,06,07-06
1607,2,2020,07,02,07-02
1608,2,2018,10,01,10-01
1609,2,2021,02,19,02-19
1610,2,2015,08,30,08-30
1611,2,2018,12,15,12-15
1612,2,2017,06,19,06-19
1613,2,2016,06,06,06-06
1614,2,2015,12,09,12-09
1615,2,2015,03,26,03-26
1616,2,2018,12,25,12-25
1617,2,2018,03,10,03-10
1618,2,2017,06,21,06-21
1619,2,2020,12,03,12-03
1620,2,2018,05,04,05-04
1621,2,2017,03,07,03-07
1622,2,2016,10,03,10-03
1623,2,2015,09,20,09-20
1624,2,2016,07,24,07-24
1625,2,2016,02,09,02-09
1626,2,2018,01,31,01-31
1627,2,2015,08,04,08-04
1628,2,2021,05,11,05-11
1629,2,2017,08,08,08-08
1630,2,2016,04,22,04-22
1631,2,2016,02,15,02-15
1632,2,2020,03,02,03-02
1633,2,2020,01,10,01-10
1634,2,2019,07,21,07-21
1635,2,2015,10,18,10-18
1636,2,2018,10,19,10-19
1637,2,2019,02,28,02-28
1638,2,2018,04,30,04-30
1639,2,2018,02,22,02-22
1640,2,2021,02,16,02-16
1641,2,2016,08,12,08-12
1642,2,2018,10,11,10-11
1643,2,2020,05,18,05-18
1644,2,2015,07,29,07-29
1645,2,2017,10,12,10-12
1646,2,2016,08,31,08-31
1647,2,2016,03,18,03-18
1648,2,2016,07,06,07-06
1649,2,2019,11,22,11-22
1650,2,2019,06,26,06-26
1651,2,2019,02,19,02-19
1652,2,2017,08,03,08-03
1653,2,2020,10,15,10-15
1654,2,2015,09,26,09-26
1655,2,2015,01,13,01-13
1656,2,2017,02,20,02-20
1657,2,2017,02,01,02-01
1658,2,2015,02,07,02-07
1659,2,2019,07,28,07-28
1660,2,2016,05,01,05-01
1661,2,2018,08,04,08-04
1662,2,2019,03,28,03-28
1663,2,2018,11,20,11-20
1664,2,2020,02,20,02-20
1665,2,2020,07,13,07-13
1666,2,2017,03,15,03-15
1667,2,2019,02,18,02-18
1668,2,2020,01,13,01-13
1669,2,2019,03,22,03-22
1670,2,2019,08,16,08-16
1671,2,2019,12,26,12-26
1672,2,2015,08,11,08-11
1673,2,2021,06,17,06-17
1674,2,2018,05,03,05-03
1675,2,2018,05,10,05-10
1676,2,2020,03,19,03-19
1677,2,2016,09,04,09-04
1678,2,2015,05,31,05-31
1679,2,2018,02,28,02-28
1680,2,2019,12,07,12-07
1681,2,2020,05,31,05-31
1682,2,2018,09,20,09-20
1683,2,2017,02,27,02-27
1684,2,2021,05,09,05-09
1685,2,2018,11,07,11-07
1686,2,2016,01,13,01-13
1687,2,2016,10,16,10-16
1688,2,2015,04,05,04-05
1689,2,2020,10,21,10-21
1690,2,2021,02,10,02-10
1691,2,2019,04,28,04-28
1692,2,2020,07,20,07-20
1693,2,2019,10,03,10-03
1694,2,2017,08,17,08-17
1695,2,2017,01,10,01-10
1696,2,2015,06,25,06-25
1697,2,2017,04,10,04-10
1698,2,2017,06,28,06-28
1699,2,2015,06,21,06-21
1700,2,2016,06,11,06-11
1701,2,2018,02,02,02-02
1702,2,2015,10,12,10-12
1703,2,2020,07,21,07-21
1704,2,2021,02,09,02-09
1705,2,2021,03,19,03-19
1706,2,2019,04,25,04-25
1707,2,2017,08,31,08-31
1708,2,2019,10,20,10-20
1709,2,2020,02,12,02-12
1710,2,2015,09,19,09-19
1711,2,2019,05,16,05-16
1712,2,2018,01,04,01-04
1713,2,2018,03,01,03-01
1714,2,2018,10,04,10-04
1715,2,2020,11,16,11-16
1716,2,2015,03,30,03-30
1717,2,2017,01,29,01-29
1718,2,2019,11,18,11-18
1719,2,2019,06,22,06-22
1720,2,2020,12,24,12-24
1721,2,2015,09,14,09-14
1722,2,2017,06,23,06-23
1723,2,2018,10,27,10-27
1724,2,2021,04,29,04-29
1725,2,2021,01,14,01-14
1726,2,2016,04,20,04-20
1727,2,2016,10,05,10-05
1728,2,2019,05,21,05-21
1729,2,2020,07,22,07-22
1730,2,2021,04,07,04-07
1731,2,2015,09,11,09-11
1732,2,2017,06,04,06-04
1733,2,2018,09,15,09-15
1734,2,2018,01,21,01-21
1735,2,2021,03,11,03-11
1736,2,2019,09,13,09-13
1737,2,2020,09,12,09-12
1738,1,2017,08,12,08-12
1739,1,2015,04,11,04-11
1740,1,2017,06,27,06-27
1741,1,2020,10,01,10-01
1742,1,2015,08,31,08-31
1743,1,2019,05,28,05-28
1744,1,2017,05,11,05-11
1745,1,2020,09,23,09-23
1746,1,2019,01,31,01-31
1747,1,2018,11,18,11-18
1748,1,2015,11,12,11-12
1749,1,2020,02,18,02-18
1750,1,2018,09,26,09-26
1751,1,2018,04,03,04-03
1752,1,2018,03,25,03-25
1753,1,2019,03,06,03-06
1754,1,2021,03,08,03-08
1755,1,2016,03,14,03-14
1756,1,2018,03,04,03-04
1757,1,2016,04,02,04-02
1758,1,2021,03,28,03-28
1759,1,2020,05,30,05-30
1760,1,2017,12,08,12-08
1761,1,2017,12,03,12-03
1762,1,2015,06,24,06-24
1763,1,2019,04,06,04-06
1764,1,2018,07,29,07-29
1765,1,2017,09,07,09-07
1766,1,2020,12,26,12-26
1767,1,2021,05,10,05-10
1768,1,2016,02,06,02-06
1769,1,2020,08,13,08-13
1770,1,2016,03,03,03-03
1771,1,2019,10,24,10-24
1772,1,2021,06,09,06-09
1773,1,2018,01,15,01-15
1774,1,2019,03,15,03-15
1775,1,2020,01,04,01-04
1776,1,2016,07,14,07-14
1777,1,2021,01,25,01-25
1778,1,2020,10,10,10-10
1779,1,2017,09,02,09-02
1780,1,2018,10,25,10-25
1781,1,2020,09,02,09-02
1782,1,2017,12,12,12-12
1783,1,2020,06,08,06-08
1784,1,2018,06,02,06-02
1785,1,2015,07,19,07-19
1786,1,2016,09,18,09-18
1787,1,2016,07,12,07-12
1788,1,2015,01,30,01-30
1789,1,2018,08,14,08-14
1790,1,2017,12,18,12-18
1791,1,2016,04,04,04-04
1792,1,2016,05,23,05-23
1793,1,2015,07,15,07-15
1794,1,2016,01,26,01-26
1795,1,2016,08,20,08-20
1796,1,2018,10,16,10-16
1797,1,2019,12,18,12-18
1798,1,2018,09,01,09-01
1799,1,2016,09,14,09-14
1800,1,2020,08,30,08-30
1801,1,2020,12,21,12-21
1802,1,2020,03,29,03-29
1803,1,2018,05,22,05-22
1804,1,2018,09,23,09-23
1805,1,2017,01,27,01-27
1806,1,2017,04,03,04-03
1807,1,2016,07,09,07-09
1808,1,2018,04,15,04-15
1809,1,2020,09,20,09-20
1810,1,2017,04,23,04-23
1811,1,2019,04,05,04-05
1812,1,2018,12,29,12-29
1813,1,2021,01,22,01-22
1814,1,2016,05,17,05-17
1815,1,2019,02,24,02-24
1816,1,2016,12,16,12-16
1817,1,2019,05,10,05-10
1818,1,2018,06,10,06-10
1819,1,2015,02,24,02-24
1820,1,2016,01,21,01-21
1821,1,2016,08,26,08-26
1822,1,2019,05,06,05-06
1823,1,2015,09,30,09-30
1824,1,2015,08,10,08-10
1825,1,2016,11,24,11-24
1826,1,2015,01,20,01-20
1827,1,2017,10,17,10-17
1828,1,2019,06,14,06-14
1829,1,2018,02,12,02-12
1830,1,2018,05,28,05-28
1831,1,2020,11,06,11-06
1832,1,2020,07,19,07-19
1833,1,2018,02,04,02-04
1834,1,2015,11,28,11-28
1835,1,2021,06,12,06-12
1836,1,2019,07,08,07-08
1837,1,2019,06,07,06-07
1838,1,2021,04,27,04-27
1839,1,2019,08,24,08-24
1840,1,2020,05,13,05-13
1841,1,2021,06,20,06-20
1842,1,2019,03,18,03-18
1843,1,2019,08,06,08-06
1844,1,2019,03,03,03-03
1845,1,2020,08,12,08-12
1846,1,2016,10,15,10-15
1847,1,2020,03,10,03-10
1848,1,2017,01,13,01-13
1849,1,2018,08,26,08-26
1850,1,2016,04,14,04-14
1851,1,2016,08,21,08-21
1852,1,2015,02,05,02-05
1853,1,2018,01,13,01-13
1854,1,2015,11,14,11-14
1855,1,2019,03,08,03-08
1856,1,2020,03,17,03-17
1857,1,2020,03,22,03-22
1858,1,2016,01,01,01-01
1859,1,2016,12,15,12-15
1860,1,2021,03,06,03-06
1861,1,2016,05,16,05-16
1862,1,2017,06,03,06-03
1863,1,2017,12,04,12-04
1864,1,2020,01,19,01-19
1865,1,2015,06,12,06-12
1866,1,2019,10,09,10-09
1867,1,2016,10,24,10-24
1868,1,2015,04,20,04-20
1869,1,2019,01,21,01-21
1870,1,2017,04,17,04-17
1871,1,2019,07,06,07-06
1872,1,2020,11,25,11-25
1873,1,2020,02,15,02-15
1874,1,2018,01,14,01-14
1875,1,2018,11,24,11-24
1876,1,2017,03,25,03-25
1877,1,2020,08,27,08-27
1878,1,2018,09,06,09-06
1879,1,2017,11,25,11-25
1880,1,2018,09,11,09-11
1881,1,2015,03,02,03-02
1882,1,2016,11,30,11-30
1883,1,2016,07,18,07-18
1884,1,2015,07,11,07-11
1885,1,2017,10,10,10-10
1886,1,2020,05,12,05-12
1887,1,2020,11,18,11-18
1888,1,2017,05,06,05-06
1889,1,2016,05,10,05-10
1890,1,2019,02,01,02-01
1891,1,2017,10,27,10-27
1892,1,2020,06,21,06-21
1893,1,2017,08,19,08-19
1894,1,2015,10,25,10-25
1895,1,2017,04,08,04-08
1896,1,2021,03,01,03-01
1897,1,2019,05,05,05-05
1898,1,2019,07,27,07-27
1899,1,2015,12,25,12-25
1900,1,2017,01,20,01-20
1901,1,2020,06,15,06-15
1902,1,2018,12,08,12-08
1903,1,2018,09,13,09-13
1904,1,2016,11,09,11-09
1905,1,2017,08,09,08-09
1906,1,2019,11,24,11-24
1907,1,2020,04,14,04-14
1908,1,2015,02,18,02-18
1909,1,2018,03,17,03-17
1910,1,2015,12,15,12-15
1911,1,2019,11,08,11-08
1912,1,2019,01,20,01-20
1913,1,2018,02,24,02-24
1914,1,2016,01,23,01-23
1915,1,2018,09,10,09-10
1916,1,2015,03,12,03-12
1917,1,2019,10,22,10-22
1918,1,2015,03,15,03-15
1919,1,2015,01,03,01-03
1920,1,2016,09,21,09-21
1921,1,2017,10,07,10-07
1922,1,2015,09,16,09-16
1923,1,2018,05,16,05-16
1924,1,2015,10,19,10-19
1925,1,2015,04,07,04-07
1926,1,2019,07,30,07-30
1927,1,2015,11,02,11-02
1928,1,2017,10,30,10-30
1929,1,2015,01,05,01-05
1930,1,2021,04,04,04-04
1931,1,2016,04,25,04-25
1932,1,2015,06,15,06-15
1933,1,2018,09,22,09-22
1934,1,2020,09,29,09-29
1935,1,2016,02,29,02-29
1936,1,2020,07,27,07-27
1937,1,2018,10,15,10-15
1938,1,2015,12,28,12-28
1939,1,2016,05,06,05-06
1940,1,2019,09,22,09-22
1941,1,2015,06,20,06-20
1942,1,2020,06,28,06-28
1943,1,2016,02,02,02-02
1944,1,2015,02,06,02-06
1945,1,2019,04,02,04-02
1946,1,2019,05,29,05-29
1947,1,2021,04,08,04-08
1948,1,2018,11,26,11-26
1949,1,2015,04,27,04-27
1950,1,2015,12,23,12-23
1951,1,2015,02,27,02-27
1952,1,2018,11,10,11-10
1953,1,2021,02,23,02-23
1954,1,2016,05,31,05-31
1955,1,2018,09,07,09-07
1956,1,2016,05,13,05-13
1957,1,2020,08,28,08-28
1958,1,2021,03,15,03-15
1959,1,2019,01,27,01-27
1960,1,2021,04,22,04-22
1961,1,2016,05,27,05-27
1962,1,2017,04,21,04-21
1963,1,2017,06,26,06-26
1964,1,2020,09,25,09-25
1965,1,2016,02,27,02-27
1966,1,2015,06,29,06-29
1967,1,2015,12,16,12-16
1968,1,2016,12,28,12-28
1969,1,2017,04,19,04-19
1970,1,2021,05,15,05-15
1971,1,2018,11,06,11-06
1972,1,2019,04,08,04-08
1973,1,2021,06,11,06-11
1974,1,2019,10,04,10-04
1975,1,2020,04,04,04-04
1976,1,2017,08,26,08-26
1977,1,2015,04,13,04-13
1978,1,2019,09,06,09-06
1979,1,2015,10,07,10-07
1980,1,2017,04,07,04-07
1981,1,2021,03,04,03-04
1982,1,2017,07,02,07-02
1983,1,2015,09,08,09-08
1984,1,2021,05,25,05-25
1985,1,2015,09,07,09-07
1986,1,2016,11,26,11-26
1987,1,2016,06,08,06-08
1988,1,2020,07,09,07-09
1989,1,2018,05,17,05-17
1990,1,2017,05,01,05-01
1991,1,2017,06,22,06-22
1992,1,2018,08,11,08-11
1993,1,2019,01,22,01-22
1994,1,2021,02,12,02-12
1995,1,2021,06,03,06-03
1996,1,2017,06,15,06-15
1997,1,2019,02,15,02-15
1998,1,2015,11,03,11-03
1999,1,2015,06,27,06-27
2000,1,2019,06,23,06-23
2001,1,2016,04,21,04-21
2002,1,2017,11,20,11-20
2003,1,2020,04,25,04-25
2004,1,2016,10,22,10-22
2005,1,2019,06,02,06-02
2006,1,2020,02,22,02-22
2007,1,2015,01,19,01-19
2008,1,2016,01,25,01-25
2009,1,2021,02,22,02-22
2010,1,2021,05,07,05-07
2011,1,2015,04,16,04-16
2012,1,2020,02,28,02-28
2013,1,2015,05,02,05-02
2014,1,2020,04,01,04-01
2015,1,2016,07,08,07-08
2016,1,2015,10,06,10-06
2017,1,2016,05,15,05-15
2018,1,2017,03,10,03-10
2019,1,2020,08,05,08-05
2020,1,2019,09,10,09-10
2021,1,2015,04,03,04-03
2022,1,2015,06,30,06-30
2023,1,2020,08,01,08-01
2024,1,2020,07,18,07-18
2025,1,2015,06,18,06-18
2026,1,2016,05,08,05-08
2027,1,2015,06,10,06-10
2028,1,2020,11,23,11-23
2029,1,2016,09,11,09-11
2030,1,2017,05,04,05-04
2031,1,2019,03,11,03-11
2032,1,2016,11,07,11-07
2033,1,2018,10,24,10-24
2034,1,2020,01,17,01-17
2035,1,2015,06,28,06-28
2036,1,2016,03,08,03-08
2037,1,2018,11,16,11-16
2038,1,2017,05,22,05-22
2039,1,2018,01,19,01-19
2040,1,2015,12,11,12-11
2041,1,2016,07,22,07-22
2042,1,2017,04,12,04-12
2043,1,2017,10,18,10-18
2044,1,2017,06,01,06-01
2045,1,2021,01,29,01-29
2046,1,2018,05,12,05-12
2047,1,2021,05,06,05-06
2048,1,2016,08,23,08-23
2049,1,2018,03,15,03-15
2050,1,2020,12,27,12-27
2051,1,2016,07,20,07-20
2052,1,2021,05,02,05-02
2053,1,2017,11,16,11-16
2054,1,2018,11,08,11-08
2055,1,2020,01,14,01-14
2056,1,2018,03,13,03-13
2057,1,2015,09,02,09-02
2058,1,2017,05,25,05-25
2059,1,2020,09,28,09-28
2060,1,2017,05,30,05-30
2061,1,2018,08,10,08-10
2062,1,2020,05,11,05-11
2063,1,2020,07,01,07-01
2064,1,2018,01,30,01-30
2065,1,2016,11,01,11-01
2066,1,2019,08,29,08-29
2067,1,2016,07,10,07-10
2068,1,2019,08,11,08-11
2069,1,2017,04,18,04-18
2070,1,2018,08,17,08-17
2071,1,2018,06,27,06-27
2072,1,2015,11,27,11-27
2073,1,2018,09,08,09-08
2074,1,2016,12,03,12-03
2075,1,2017,05,17,05-17
2076,1,2018,05,20,05-20
2077,1,2018,01,10,01-10
2078,1,2018,12,04,12-04
2079,1,2020,09,07,09-07
2080,1,2020,09,13,09-13
2081,1,2019,03,17,03-17
2082,1,2015,11,26,11-26
2083,1,2016,12,19,12-19
2084,1,2018,09,28,09-28
2085,1,2018,01,18,01-18
2086,1,2019,08,15,08-15
2087,1,2015,12,03,12-03
2088,1,2019,07,25,07-25
2089,1,2017,03,30,03-30
2090,1,2017,10,03,10-03
2091,1,2018,05,26,05-26
2092,1,2020,02,03,02-03
2093,1,2019,04,15,04-15
2094,1,2021,03,21,03-21
2095,1,2015,05,22,05-22
2096,1,2020,08,03,08-03
2097,1,2019,01,18,01-18
2098,1,2019,10,05,10-05
2099,1,2015,06,01,06-01
2100,1,2016,04,29,04-29
2101,1,2018,03,26,03-26
2102,1,2018,05,09,05-09
2103,1,2018,02,18,02-18
2104,1,2018,02,07,02-07
2105,1,2016,12,22,12-22
2106,1,2020,02,23,02-23
2107,1,2020,09,17,09-17
2108,1,2016,09,29,09-29
2109,1,2017,12,29,12-29
2110,1,2019,11,27,11-27
2111,1,2019,08,07,08-07
2112,1,2015,03,23,03-23
2113,1,2016,04,16,04-16
2114,1,2015,05,04,05-04
2115,1,2017,03,01,03-01
2116,1,2016,08,28,08-28
2117,1,2015,10,27,10-27
2118,1,2018,01,03,01-03
2119,1,2015,08,02,08-02
2120,1,2018,01,09,01-09
2121,1,2020,10,25,10-25
2122,1,2017,04,16,04-16
2123,1,2016,09,25,09-25
2124,1,2016,05,03,05-03
2125,1,2018,07,30,07-30
2126,1,2020,09,11,09-11
2127,1,2016,02,17,02-17
2128,1,2018,10,03,10-03
2129,1,2017,09,16,09-16
2130,1,2020,10,05,10-05
2131,1,2015,02,22,02-22
2132,1,2020,07,03,07-03
2133,1,2017,09,18,09-18
2134,1,2018,06,15,06-15
2135,1,2016,12,29,12-29
2136,1,2019,12,09,12-09
2137,1,2019,05,14,05-14
2138,1,2017,09,13,09-13
2139,1,2017,06,11,06-11
2140,1,2016,08,22,08-22
2141,1,2015,12,19,12-19
2142,1,2020,08,23,08-23
2143,1,2015,05,06,05-06
2144,1,2016,10,20,10-20
2145,1,2017,09,09,09-09
2146,1,2019,11,30,11-30
2147,1,2015,07,28,07-28
2148,1,2019,12,08,12-08
2149,1,2016,12,08,12-08
2150,1,2017,07,24,07-24
2151,1,2018,12,24,12-24
2152,1,2021,01,16,01-16
2153,1,2020,02,06,02-06
2154,1,2020,09,27,09-27
2155,1,2021,01,07,01-07
2156,1,2017,12,14,12-14
2157,1,2020,09,01,09-01
2158,1,2015,11,21,11-21
2159,1,2017,01,08,01-08
2160,1,2021,05,12,05-12
2161,1,2016,06,05,06-05
2162,1,2016,07,15,07-15
2163,1,2020,06,20,06-20
2164,1,2015,12,31,12-31
2165,1,2018,06,04,06-04
2166,1,2016,05,02,05-02
2167,1,2020,12,19,12-19
2168,1,2017,09,14,09-14
2169,1,2018,09,04,09-04
2170,1,2016,05,20,05-20
2171,1,2019,02,05,02-05
2172,1,2020,02,19,02-19
2173,1,2020,07,26,07-26
2174,1,2016,08,17,08-17
2175,1,2015,03,07,03-07
2176,1,2019,04,21,04-21
2177,1,2015,05,16,05-16
2178,1,2017,11,12,11-12
2179,1,2019,07,29,07-29
2180,1,2017,08,15,08-15
2181,1,2018,05,15,05-15
2182,1,2020,01,07,01-07
2183,1,2021,04,11,04-11
2184,1,2020,05,10,05-10
2185,1,2017,08,23,08-23
2186,1,2017,01,31,01-31
2187,1,2016,01,03,01-03
2188,1,2019,10,28,10-28
2189,1,2015,09,03,09-03
